proposal,proposal_status,unit_id,dimension_id,dimension_name,unit_name,unit_weight_points_exact,unit_weight_points_decimal,C_level,C_value_exact,C_citation,I_level,I_value_exact,I_citation,E_class,E_coeff_exact,evidence_artifact,evidence_sha,evidence_date_utc,assessment_date_utc,freshness_age_days,f_value_exact,Q_value_exact,q_value_exact,points_earned_exact,assessor,notes
JATA-RB-v0.1-PROPOSED,NOT ADOPTED — TEMPLATE UNASSESSED,D01a,D01,Security,Authorization boundary,13/8,1.625,UNASSESSED,,,UNASSESSED,,,UNASSESSED,,,,,,,,,,,UNASSESSED,
JATA-RB-v0.1-PROPOSED,NOT ADOPTED — TEMPLATE UNASSESSED,D01b,D01,Security,Tenant isolation at the data plane,13/8,1.625,UNASSESSED,,,UNASSESSED,,,UNASSESSED,,,,,,,,,,,UNASSESSED,
JATA-RB-v0.1-PROPOSED,NOT ADOPTED — TEMPLATE UNASSESSED,D01c,D01,Security,Credential and secrets hygiene,13/8,1.625,UNASSESSED,,,UNASSESSED,,,UNASSESSED,,,,,,,,,,,UNASSESSED,
JATA-RB-v0.1-PROPOSED,NOT ADOPTED — TEMPLATE UNASSESSED,D01d,D01,Security,Adversarial agent-authorization resistance,13/8,1.625,UNASSESSED,,,UNASSESSED,,,UNASSESSED,,,,,,,,,,,UNASSESSED,
JATA-RB-v0.1-PROPOSED,NOT ADOPTED — TEMPLATE UNASSESSED,D02a,D02,Identity / access,Identity lifecycle and authentication,13/8,1.625,UNASSESSED,,,UNASSESSED,,,UNASSESSED,,,,,,,,,,,UNASSESSED,
JATA-RB-v0.1-PROPOSED,NOT ADOPTED — TEMPLATE UNASSESSED,D02b,D02,Identity / access,Sessions and tokens,13/8,1.625,UNASSESSED,,,UNASSESSED,,,UNASSESSED,,,,,,,,,,,UNASSESSED,
JATA-RB-v0.1-PROPOSED,NOT ADOPTED — TEMPLATE UNASSESSED,D02c,D02,Identity / access,Privilege plane delegation and step-up,13/8,1.625,UNASSESSED,,,UNASSESSED,,,UNASSESSED,,,,,,,,,,,UNASSESSED,
JATA-RB-v0.1-PROPOSED,NOT ADOPTED — TEMPLATE UNASSESSED,D02d,D02,Identity / access,Break-glass and key-management seam,13/8,1.625,UNASSESSED,,,UNASSESSED,,,UNASSESSED,,,,,,,,,,,UNASSESSED,
JATA-RB-v0.1-PROPOSED,NOT ADOPTED — TEMPLATE UNASSESSED,D03a,D03,Core architecture,Kernel lifecycle and composition,13/8,1.625,UNASSESSED,,,UNASSESSED,,,UNASSESSED,,,,,,,,,,,UNASSESSED,
JATA-RB-v0.1-PROPOSED,NOT ADOPTED — TEMPLATE UNASSESSED,D03b,D03,Core architecture,Event-surface contracts,13/8,1.625,UNASSESSED,,,UNASSESSED,,,UNASSESSED,,,,,,,,,,,UNASSESSED,
JATA-RB-v0.1-PROPOSED,NOT ADOPTED — TEMPLATE UNASSESSED,D03c,D03,Core architecture,Durable delivery and sequencing,13/8,1.625,UNASSESSED,,,UNASSESSED,,,UNASSESSED,,,,,,,,,,,UNASSESSED,
JATA-RB-v0.1-PROPOSED,NOT ADOPTED — TEMPLATE UNASSESSED,D03d,D03,Core architecture,Storage abstraction integrity,13/8,1.625,UNASSESSED,,,UNASSESSED,,,UNASSESSED,,,,,,,,,,,UNASSESSED,
JATA-RB-v0.1-PROPOSED,NOT ADOPTED — TEMPLATE UNASSESSED,D04a,D04,Agent / execution,Governed execution loop,13/8,1.625,UNASSESSED,,,UNASSESSED,,,UNASSESSED,,,,,,,,,,,UNASSESSED,
JATA-RB-v0.1-PROPOSED,NOT ADOPTED — TEMPLATE UNASSESSED,D04b,D04,Agent / execution,Tool boundary enforcement,13/8,1.625,UNASSESSED,,,UNASSESSED,,,UNASSESSED,,,,,,,,,,,UNASSESSED,
JATA-RB-v0.1-PROPOSED,NOT ADOPTED — TEMPLATE UNASSESSED,D04c,D04,Agent / execution,Budgets rate limits and leases,13/8,1.625,UNASSESSED,,,UNASSESSED,,,UNASSESSED,,,,,,,,,,,UNASSESSED,
JATA-RB-v0.1-PROPOSED,NOT ADOPTED — TEMPLATE UNASSESSED,D04d,D04,Agent / execution,Worker containment,13/8,1.625,UNASSESSED,,,UNASSESSED,,,UNASSESSED,,,,,,,,,,,UNASSESSED,
JATA-RB-v0.1-PROPOSED,NOT ADOPTED — TEMPLATE UNASSESSED,D05a,D05,AI / model intelligence,Production model adapters,13/8,1.625,UNASSESSED,,,UNASSESSED,,,UNASSESSED,,,,,,,,,,,UNASSESSED,
JATA-RB-v0.1-PROPOSED,NOT ADOPTED — TEMPLATE UNASSESSED,D05b,D05,AI / model intelligence,Evaluation harness,13/8,1.625,UNASSESSED,,,UNASSESSED,,,UNASSESSED,,,,,,,,,,,UNASSESSED,
JATA-RB-v0.1-PROPOSED,NOT ADOPTED — TEMPLATE UNASSESSED,D05c,D05,AI / model intelligence,Cross-model deliberation,13/8,1.625,UNASSESSED,,,UNASSESSED,,,UNASSESSED,,,,,,,,,,,UNASSESSED,
JATA-RB-v0.1-PROPOSED,NOT ADOPTED — TEMPLATE UNASSESSED,D05d,D05,AI / model intelligence,Hallucination and uncertainty controls,13/8,1.625,UNASSESSED,,,UNASSESSED,,,UNASSESSED,,,,,,,,,,,UNASSESSED,
JATA-RB-v0.1-PROPOSED,NOT ADOPTED — TEMPLATE UNASSESSED,D06a,D06,Model Fabric,Router and registry,13/8,1.625,UNASSESSED,,,UNASSESSED,,,UNASSESSED,,,,,,,,,,,UNASSESSED,
JATA-RB-v0.1-PROPOSED,NOT ADOPTED — TEMPLATE UNASSESSED,D06b,D06,Model Fabric,Cost/latency-aware routing,13/8,1.625,UNASSESSED,,,UNASSESSED,,,UNASSESSED,,,,,,,,,,,UNASSESSED,
JATA-RB-v0.1-PROPOSED,NOT ADOPTED — TEMPLATE UNASSESSED,D06c,D06,Model Fabric,Fallback and provider health,13/8,1.625,UNASSESSED,,,UNASSESSED,,,UNASSESSED,,,,,,,,,,,UNASSESSED,
JATA-RB-v0.1-PROPOSED,NOT ADOPTED — TEMPLATE UNASSESSED,D06d,D06,Model Fabric,Routing evaluation,13/8,1.625,UNASSESSED,,,UNASSESSED,,,UNASSESSED,,,,,,,,,,,UNASSESSED,
JATA-RB-v0.1-PROPOSED,NOT ADOPTED — TEMPLATE UNASSESSED,D07a,D07,Autonomous Prompt Compiler,Compilation pipeline,9/4,2.25,UNASSESSED,,,UNASSESSED,,,UNASSESSED,,,,,,,,,,,UNASSESSED,
JATA-RB-v0.1-PROPOSED,NOT ADOPTED — TEMPLATE UNASSESSED,D07b,D07,Autonomous Prompt Compiler,Nine-modality breadth (MOP — see D07b modality annex for per-modality rows),9/4,2.25,UNASSESSED,,,UNASSESSED,,,UNASSESSED,,,,,,,,,,,UNASSESSED,
JATA-RB-v0.1-PROPOSED,NOT ADOPTED — TEMPLATE UNASSESSED,D07c,D07,Autonomous Prompt Compiler,Refinement and verification loop,9/4,2.25,UNASSESSED,,,UNASSESSED,,,UNASSESSED,,,,,,,,,,,UNASSESSED,
JATA-RB-v0.1-PROPOSED,NOT ADOPTED — TEMPLATE UNASSESSED,D07d,D07,Autonomous Prompt Compiler,Compiler safety and provenance,9/4,2.25,UNASSESSED,,,UNASSESSED,,,UNASSESSED,,,,,,,,,,,UNASSESSED,
JATA-RB-v0.1-PROPOSED,NOT ADOPTED — TEMPLATE UNASSESSED,D08a,D08,Knowledge / memory,Ingestion and chunking,13/8,1.625,UNASSESSED,,,UNASSESSED,,,UNASSESSED,,,,,,,,,,,UNASSESSED,
JATA-RB-v0.1-PROPOSED,NOT ADOPTED — TEMPLATE UNASSESSED,D08b,D08,Knowledge / memory,Retrieval quality and isolation,13/8,1.625,UNASSESSED,,,UNASSESSED,,,UNASSESSED,,,,,,,,,,,UNASSESSED,
JATA-RB-v0.1-PROPOSED,NOT ADOPTED — TEMPLATE UNASSESSED,D08c,D08,Knowledge / memory,Memory lifecycle,13/8,1.625,UNASSESSED,,,UNASSESSED,,,UNASSESSED,,,,,,,,,,,UNASSESSED,
JATA-RB-v0.1-PROPOSED,NOT ADOPTED — TEMPLATE UNASSESSED,D08d,D08,Knowledge / memory,Graph reasoning (Graph-RAG),13/8,1.625,UNASSESSED,,,UNASSESSED,,,UNASSESSED,,,,,,,,,,,UNASSESSED,
JATA-RB-v0.1-PROPOSED,NOT ADOPTED — TEMPLATE UNASSESSED,D09a,D09,Commerce / economics,Money integrity,13/8,1.625,UNASSESSED,,,UNASSESSED,,,UNASSESSED,,,,,,,,,,,UNASSESSED,
JATA-RB-v0.1-PROPOSED,NOT ADOPTED — TEMPLATE UNASSESSED,D09b,D09,Commerce / economics,Revenue ledger and reconciliation,13/8,1.625,UNASSESSED,,,UNASSESSED,,,UNASSESSED,,,,,,,,,,,UNASSESSED,
JATA-RB-v0.1-PROPOSED,NOT ADOPTED — TEMPLATE UNASSESSED,D09c,D09,Commerce / economics,Billing and PSP integration,13/8,1.625,UNASSESSED,,,UNASSESSED,,,UNASSESSED,,,,,,,,,,,UNASSESSED,
JATA-RB-v0.1-PROPOSED,NOT ADOPTED — TEMPLATE UNASSESSED,D09d,D09,Commerce / economics,Commercial analytics integrity,13/8,1.625,UNASSESSED,,,UNASSESSED,,,UNASSESSED,,,,,,,,,,,UNASSESSED,
JATA-RB-v0.1-PROPOSED,NOT ADOPTED — TEMPLATE UNASSESSED,D10a,D10,Product / UX,Product surface,13/8,1.625,UNASSESSED,,,UNASSESSED,,,UNASSESSED,,,,,,,,,,,UNASSESSED,
JATA-RB-v0.1-PROPOSED,NOT ADOPTED — TEMPLATE UNASSESSED,D10b,D10,Product / UX,API gateway,13/8,1.625,UNASSESSED,,,UNASSESSED,,,UNASSESSED,,,,,,,,,,,UNASSESSED,
JATA-RB-v0.1-PROPOSED,NOT ADOPTED — TEMPLATE UNASSESSED,D10c,D10,Product / UX,Operator workflows,13/8,1.625,UNASSESSED,,,UNASSESSED,,,UNASSESSED,,,,,,,,,,,UNASSESSED,
JATA-RB-v0.1-PROPOSED,NOT ADOPTED — TEMPLATE UNASSESSED,D10d,D10,Product / UX,Usability and accessibility baselines,13/8,1.625,UNASSESSED,,,UNASSESSED,,,UNASSESSED,,,,,,,,,,,UNASSESSED,
JATA-RB-v0.1-PROPOSED,NOT ADOPTED — TEMPLATE UNASSESSED,D11a,D11,Production infrastructure,Provisioned environment,13/8,1.625,UNASSESSED,,,UNASSESSED,,,UNASSESSED,,,,,,,,,,,UNASSESSED,
JATA-RB-v0.1-PROPOSED,NOT ADOPTED — TEMPLATE UNASSESSED,D11b,D11,Production infrastructure,Deployment pipeline,13/8,1.625,UNASSESSED,,,UNASSESSED,,,UNASSESSED,,,,,,,,,,,UNASSESSED,
JATA-RB-v0.1-PROPOSED,NOT ADOPTED — TEMPLATE UNASSESSED,D11c,D11,Production infrastructure,Data durability (PITR/backups/DR),13/8,1.625,UNASSESSED,,,UNASSESSED,,,UNASSESSED,,,,,,,,,,,UNASSESSED,
JATA-RB-v0.1-PROPOSED,NOT ADOPTED — TEMPLATE UNASSESSED,D11d,D11,Production infrastructure,Secret-provider wiring,13/8,1.625,UNASSESSED,,,UNASSESSED,,,UNASSESSED,,,,,,,,,,,UNASSESSED,
JATA-RB-v0.1-PROPOSED,NOT ADOPTED — TEMPLATE UNASSESSED,D12a,D12,Reliability / distributed systems,Contention safety,13/8,1.625,UNASSESSED,,,UNASSESSED,,,UNASSESSED,,,,,,,,,,,UNASSESSED,
JATA-RB-v0.1-PROPOSED,NOT ADOPTED — TEMPLATE UNASSESSED,D12b,D12,Reliability / distributed systems,Restart and crash recovery,13/8,1.625,UNASSESSED,,,UNASSESSED,,,UNASSESSED,,,,,,,,,,,UNASSESSED,
JATA-RB-v0.1-PROPOSED,NOT ADOPTED — TEMPLATE UNASSESSED,D12c,D12,Reliability / distributed systems,Outage and failover,13/8,1.625,UNASSESSED,,,UNASSESSED,,,UNASSESSED,,,,,,,,,,,UNASSESSED,
JATA-RB-v0.1-PROPOSED,NOT ADOPTED — TEMPLATE UNASSESSED,D12d,D12,Reliability / distributed systems,Time tamper and duplication,13/8,1.625,UNASSESSED,,,UNASSESSED,,,UNASSESSED,,,,,,,,,,,UNASSESSED,
JATA-RB-v0.1-PROPOSED,NOT ADOPTED — TEMPLATE UNASSESSED,D13a,D13,Observability / operations,Metrics and traces,13/8,1.625,UNASSESSED,,,UNASSESSED,,,UNASSESSED,,,,,,,,,,,UNASSESSED,
JATA-RB-v0.1-PROPOSED,NOT ADOPTED — TEMPLATE UNASSESSED,D13b,D13,Observability / operations,Alerting and incidents,13/8,1.625,UNASSESSED,,,UNASSESSED,,,UNASSESSED,,,,,,,,,,,UNASSESSED,
JATA-RB-v0.1-PROPOSED,NOT ADOPTED — TEMPLATE UNASSESSED,D13c,D13,Observability / operations,Health surfacing,13/8,1.625,UNASSESSED,,,UNASSESSED,,,UNASSESSED,,,,,,,,,,,UNASSESSED,
JATA-RB-v0.1-PROPOSED,NOT ADOPTED — TEMPLATE UNASSESSED,D13d,D13,Observability / operations,Runbooks and diagnostic hygiene,13/8,1.625,UNASSESSED,,,UNASSESSED,,,UNASSESSED,,,,,,,,,,,UNASSESSED,
JATA-RB-v0.1-PROPOSED,NOT ADOPTED — TEMPLATE UNASSESSED,D14a,D14,Testing / assurance,Suite completeness and zero-skip,13/8,1.625,UNASSESSED,,,UNASSESSED,,,UNASSESSED,,,,,,,,,,,UNASSESSED,
JATA-RB-v0.1-PROPOSED,NOT ADOPTED — TEMPLATE UNASSESSED,D14b,D14,Testing / assurance,Adversarial matrices,13/8,1.625,UNASSESSED,,,UNASSESSED,,,UNASSESSED,,,,,,,,,,,UNASSESSED,
JATA-RB-v0.1-PROPOSED,NOT ADOPTED — TEMPLATE UNASSESSED,D14c,D14,Testing / assurance,Mutation and vacuity hygiene,13/8,1.625,UNASSESSED,,,UNASSESSED,,,UNASSESSED,,,,,,,,,,,UNASSESSED,
JATA-RB-v0.1-PROPOSED,NOT ADOPTED — TEMPLATE UNASSESSED,D14d,D14,Testing / assurance,Reproducibility records,13/8,1.625,UNASSESSED,,,UNASSESSED,,,UNASSESSED,,,,,,,,,,,UNASSESSED,
JATA-RB-v0.1-PROPOSED,NOT ADOPTED — TEMPLATE UNASSESSED,D15a,D15,Governance / autonomy,Merge and review gates,13/8,1.625,UNASSESSED,,,UNASSESSED,,,UNASSESSED,,,,,,,,,,,UNASSESSED,
JATA-RB-v0.1-PROPOSED,NOT ADOPTED — TEMPLATE UNASSESSED,D15b,D15,Governance / autonomy,Report durability,13/8,1.625,UNASSESSED,,,UNASSESSED,,,UNASSESSED,,,,,,,,,,,UNASSESSED,
JATA-RB-v0.1-PROPOSED,NOT ADOPTED — TEMPLATE UNASSESSED,D15c,D15,Governance / autonomy,Decision and audit chains,13/8,1.625,UNASSESSED,,,UNASSESSED,,,UNASSESSED,,,,,,,,,,,UNASSESSED,
JATA-RB-v0.1-PROPOSED,NOT ADOPTED — TEMPLATE UNASSESSED,D15d,D15,Governance / autonomy,Autonomy bounds and human authorization,13/8,1.625,UNASSESSED,,,UNASSESSED,,,UNASSESSED,,,,,,,,,,,UNASSESSED,
