proposal,proposal_status,unit_id,modality_index,modality_name,C_level,C_value_exact,C_citation,I_level,I_value_exact,I_citation,E_class,E_coeff_exact,evidence_artifact,evidence_sha,evidence_date_utc,assessment_date_utc,freshness_age_days,f_value_exact,Q_value_exact,P_value_exact,assessor,notes
JATA-RB-v0.1-PROPOSED,NOT ADOPTED — TEMPLATE UNASSESSED,D07b,1,Coding,UNASSESSED,,,UNASSESSED,,,UNASSESSED,,,,,,,,,,UNASSESSED,
JATA-RB-v0.1-PROPOSED,NOT ADOPTED — TEMPLATE UNASSESSED,D07b,2,Architecture,UNASSESSED,,,UNASSESSED,,,UNASSESSED,,,,,,,,,,UNASSESSED,
JATA-RB-v0.1-PROPOSED,NOT ADOPTED — TEMPLATE UNASSESSED,D07b,3,Website/building,UNASSESSED,,,UNASSESSED,,,UNASSESSED,,,,,,,,,,UNASSESSED,
JATA-RB-v0.1-PROPOSED,NOT ADOPTED — TEMPLATE UNASSESSED,D07b,4,Image,UNASSESSED,,,UNASSESSED,,,UNASSESSED,,,,,,,,,,UNASSESSED,
JATA-RB-v0.1-PROPOSED,NOT ADOPTED — TEMPLATE UNASSESSED,D07b,5,Video,UNASSESSED,,,UNASSESSED,,,UNASSESSED,,,,,,,,,,UNASSESSED,
JATA-RB-v0.1-PROPOSED,NOT ADOPTED — TEMPLATE UNASSESSED,D07b,6,Copy,UNASSESSED,,,UNASSESSED,,,UNASSESSED,,,,,,,,,,UNASSESSED,
JATA-RB-v0.1-PROPOSED,NOT ADOPTED — TEMPLATE UNASSESSED,D07b,7,Voice,UNASSESSED,,,UNASSESSED,,,UNASSESSED,,,,,,,,,,UNASSESSED,
JATA-RB-v0.1-PROPOSED,NOT ADOPTED — TEMPLATE UNASSESSED,D07b,8,Marketing,UNASSESSED,,,UNASSESSED,,,UNASSESSED,,,,,,,,,,UNASSESSED,
JATA-RB-v0.1-PROPOSED,NOT ADOPTED — TEMPLATE UNASSESSED,D07b,9,General agent tasks,UNASSESSED,,,UNASSESSED,,,UNASSESSED,,,,,,,,,,UNASSESSED,
