proposal,proposal_status,stretch_id,category,name,points_exact,earned,capability_citation,evidence_class,evidence_artifact,evidence_sha,evidence_date_utc,assessment_date_utc,freshness_age_days,verifier_identity,independence_basis,assessor,notes
JATA-RB-v0.1-PROPOSED,NOT ADOPTED — TEMPLATE UNASSESSED,ST-C01,capability,Autonomous multi-step task completion,1,UNASSESSED,,,,,,,,,,,UNASSESSED,
JATA-RB-v0.1-PROPOSED,NOT ADOPTED — TEMPLATE UNASSESSED,ST-C02,capability,Cross-modal synthesis,1,UNASSESSED,,,,,,,,,,,UNASSESSED,
JATA-RB-v0.1-PROPOSED,NOT ADOPTED — TEMPLATE UNASSESSED,ST-C03,capability,Continual learning with guardrails,1,UNASSESSED,,,,,,,,,,,UNASSESSED,
JATA-RB-v0.1-PROPOSED,NOT ADOPTED — TEMPLATE UNASSESSED,ST-C04,capability,Adversarial robustness,1,UNASSESSED,,,,,,,,,,,UNASSESSED,
JATA-RB-v0.1-PROPOSED,NOT ADOPTED — TEMPLATE UNASSESSED,ST-C05,capability,Cost/latency-aware model routing at scale,1,UNASSESSED,,,,,,,,,,,UNASSESSED,
JATA-RB-v0.1-PROPOSED,NOT ADOPTED — TEMPLATE UNASSESSED,ST-I01,integration,Production IdP federation,1,UNASSESSED,,,,,,,,,,,UNASSESSED,
JATA-RB-v0.1-PROPOSED,NOT ADOPTED — TEMPLATE UNASSESSED,ST-I02,integration,Real PSP settlement,1,UNASSESSED,,,,,,,,,,,UNASSESSED,
JATA-RB-v0.1-PROPOSED,NOT ADOPTED — TEMPLATE UNASSESSED,ST-I03,integration,Multi-cloud deployment,1,UNASSESSED,,,,,,,,,,,UNASSESSED,
JATA-RB-v0.1-PROPOSED,NOT ADOPTED — TEMPLATE UNASSESSED,ST-I04,integration,Ecosystem API,1,UNASSESSED,,,,,,,,,,,UNASSESSED,
JATA-RB-v0.1-PROPOSED,NOT ADOPTED — TEMPLATE UNASSESSED,ST-I05,integration,External connector mesh,1,UNASSESSED,,,,,,,,,,,UNASSESSED,
JATA-RB-v0.1-PROPOSED,NOT ADOPTED — TEMPLATE UNASSESSED,ST-V01,verification,Independent security audit,1,UNASSESSED,,,,,,,,,,,UNASSESSED,
JATA-RB-v0.1-PROPOSED,NOT ADOPTED — TEMPLATE UNASSESSED,ST-V02,verification,Chaos and fault injection,1,UNASSESSED,,,,,,,,,,,UNASSESSED,
JATA-RB-v0.1-PROPOSED,NOT ADOPTED — TEMPLATE UNASSESSED,ST-V03,verification,Supply-chain SLSA L3,1,UNASSESSED,,,,,,,,,,,UNASSESSED,
JATA-RB-v0.1-PROPOSED,NOT ADOPTED — TEMPLATE UNASSESSED,ST-V04,verification,Formal property verification,1,UNASSESSED,,,,,,,,,,,UNASSESSED,
JATA-RB-v0.1-PROPOSED,NOT ADOPTED — TEMPLATE UNASSESSED,ST-V05,verification,Red-team exercise,1,UNASSESSED,,,,,,,,,,,UNASSESSED,
JATA-RB-v0.1-PROPOSED,NOT ADOPTED — TEMPLATE UNASSESSED,ST-P01,production,SLO sustained 30 days,1,UNASSESSED,,,,,,,,,,,UNASSESSED,
JATA-RB-v0.1-PROPOSED,NOT ADOPTED — TEMPLATE UNASSESSED,ST-P02,production,Zero-downtime migration drill,1,UNASSESSED,,,,,,,,,,,UNASSESSED,
JATA-RB-v0.1-PROPOSED,NOT ADOPTED — TEMPLATE UNASSESSED,ST-P03,production,DR failover drill,1,UNASSESSED,,,,,,,,,,,UNASSESSED,
JATA-RB-v0.1-PROPOSED,NOT ADOPTED — TEMPLATE UNASSESSED,ST-P04,production,Commercial operation,1,UNASSESSED,,,,,,,,,,,UNASSESSED,
JATA-RB-v0.1-PROPOSED,NOT ADOPTED — TEMPLATE UNASSESSED,ST-P05,production,Scale test,1,UNASSESSED,,,,,,,,,,,UNASSESSED,
